{
  "accuracy": 0.303,
  "precision_macro": 0.3046477374313863,
  "recall_macro": 0.3110866493060129,
  "f1_macro": 0.3029760216061051
}